filename,width,height,class,xmin,ymin,xmax,ymax
20210813_195755.jpg,477,1008,martabak telor,22,425,229,586
20210813_195757.jpg,477,1008,martabak telor,11,431,219,587
20210813_195802.jpg,477,1008,martabak telor,9,400,208,606
20210813_195802.jpg,477,1008,martabak telor,207,388,429,593
20210813_195802.jpg,477,1008,martabak telor,177,572,385,800
20210813_195808.jpg,477,1008,martabak telor,1,350,226,574
20210813_195808.jpg,477,1008,martabak telor,177,367,441,607
20210813_195808.jpg,477,1008,martabak telor,149,559,353,761
20210813_195812.jpg,477,1008,martabak telor,171,350,433,510
20210813_195812.jpg,477,1008,martabak telor,1,363,234,553
20210813_195812.jpg,477,1008,martabak telor,191,511,401,727
20210813_195813.jpg,477,1008,martabak telor,72,234,318,427
20210813_195813.jpg,477,1008,martabak telor,185,401,405,621
20210813_195921.jpg,477,1008,martabak manis,1,439,233,723
20210813_195921.jpg,477,1008,martabak manis,255,417,475,726
20210813_195923.jpg,477,1008,martabak manis,1,396,231,689
20210813_195923.jpg,477,1008,martabak manis,238,377,475,689
20210813_195926.jpg,477,1008,martabak manis,21,515,263,772
20210813_195926.jpg,477,1008,martabak manis,22,331,226,575
20210813_195926.jpg,477,1008,martabak manis,26,172,238,345
20210813_195926.jpg,477,1008,martabak manis,248,238,477,470
20210813_195926.jpg,477,1008,martabak manis,239,452,477,664
20210813_195938.jpg,477,1008,martabak manis,1,343,235,556
20210813_195938.jpg,477,1008,martabak manis,186,272,420,478
20210813_195938.jpg,477,1008,martabak manis,7,551,227,755
20210813_195938.jpg,477,1008,martabak manis,206,502,371,680
20210813_195938.jpg,477,1008,martabak manis,363,457,477,667
20210813_200008.jpg,477,1008,martabak manis,1,348,218,571
20210813_200008.jpg,477,1008,martabak manis,184,303,457,542
20210813_200008.jpg,477,1008,martabak manis,2,614,206,775
20210813_200008.jpg,477,1008,martabak manis,166,571,347,750
20210813_200008.jpg,477,1008,martabak manis,332,546,477,732
20210813_200013.jpg,477,1008,martabak manis,1,431,214,653
20210813_200013.jpg,477,1008,martabak manis,93,280,356,464
20210813_200013.jpg,477,1008,martabak manis,48,642,272,770
20210813_200013.jpg,477,1008,martabak manis,200,504,351,662
20210813_200013.jpg,477,1008,martabak manis,303,399,459,580
20210813_200029.jpg,477,1008,martabak manis,109,340,253,568
20210813_200029.jpg,477,1008,martabak manis,265,369,477,631
20210813_200029.jpg,477,1008,martabak manis,23,507,179,716
20210813_200029.jpg,477,1008,martabak manis,153,573,300,775
20210813_200029.jpg,477,1008,martabak manis,289,624,477,792
20210813_200039.jpg,477,1008,martabak manis,104,410,329,713
20210813_200044.jpg,477,1008,martabak manis,63,361,347,625
20210813_200046.jpg,477,1008,martabak manis,59,344,319,620
20220401_203920.jpg,756,1008,martabak telor,213,486,544,687
20220401_203920.jpg,756,1008,martabak telor,188,594,572,829
20220401_203920.jpg,756,1008,martabak telor,7,592,242,875
20220401_203921.jpg,756,1008,martabak telor,245,307,593,559
20220401_203921.jpg,756,1008,martabak telor,207,420,611,666
20220401_203921.jpg,756,1008,martabak telor,7,418,244,710
20220401_203921.jpg,756,1008,martabak telor,23,720,544,1008
20220401_203921.jpg,756,1008,martabak telor,561,616,756,814
20220401_203922.jpg,756,1008,martabak telor,253,400,521,669
20220401_203922.jpg,756,1008,martabak telor,211,523,536,790
20220401_203922.jpg,756,1008,martabak telor,25,446,256,801
20220401_203922.jpg,756,1008,martabak telor,203,782,488,1008
20220401_203922.jpg,756,1008,martabak telor,500,642,678,849
20220401_203925.jpg,756,1008,martabak telor,151,491,523,684
20220401_203925.jpg,756,1008,martabak telor,201,622,574,775
20220401_203925.jpg,756,1008,martabak telor,67,709,390,902
20220401_203927.jpg,756,1008,martabak telor,169,306,543,511
20220401_203927.jpg,756,1008,martabak telor,212,450,589,600
20220401_203927.jpg,756,1008,martabak telor,1,532,439,793
20220401_203927.jpg,756,1008,martabak telor,76,711,688,1003
20220401_203927.jpg,756,1008,martabak telor,417,582,756,904
20220401_203929.jpg,756,1008,martabak telor,222,304,609,519
20220401_203929.jpg,756,1008,martabak telor,241,444,639,655
20220401_203929.jpg,756,1008,martabak telor,1,507,404,767
20220401_203929.jpg,756,1008,martabak telor,37,732,525,1007
20220401_203929.jpg,756,1008,martabak telor,395,622,756,996
20220401_203932.jpg,756,1008,martabak telor,157,328,529,580
20220401_203932.jpg,756,1008,martabak telor,132,453,553,724
20220401_203932.jpg,756,1008,martabak telor,1,516,203,787
20220401_203932.jpg,756,1008,martabak telor,147,747,564,1008
20220401_203932.jpg,756,1008,martabak telor,540,599,755,832
20220401_203934.jpg,756,1008,martabak telor,208,391,544,575
20220401_203934.jpg,756,1008,martabak telor,247,513,584,653
20220401_203934.jpg,756,1008,martabak telor,59,601,465,769
20220401_203934.jpg,756,1008,martabak telor,138,740,756,1001
20220401_203934.jpg,756,1008,martabak telor,435,622,756,876
20220401_203937.jpg,756,1008,martabak telor,221,415,623,659
20220401_203937.jpg,756,1008,martabak telor,245,562,653,773
20220401_203937.jpg,756,1008,martabak telor,1,634,455,896
20220401_203937.jpg,756,1008,martabak telor,437,732,756,998
20220401_203954.jpg,756,1008,martabak telor,334,391,665,588
20220401_203954.jpg,756,1008,martabak telor,216,447,572,660
20220401_203954.jpg,756,1008,martabak telor,164,526,505,759
20220401_203955.jpg,756,1008,martabak telor,365,370,714,633
20220401_203955.jpg,756,1008,martabak telor,280,421,640,670
20220401_203955.jpg,756,1008,martabak telor,165,516,490,796
20220401_203957.jpg,756,1008,martabak telor,252,383,596,552
20220401_203957.jpg,756,1008,martabak telor,163,507,554,673
20220401_203957.jpg,756,1008,martabak telor,157,614,548,892
20220401_204002.jpg,756,1008,martabak telor,342,304,692,590
20220401_204002.jpg,756,1008,martabak telor,248,366,605,649
20220401_204002.jpg,756,1008,martabak telor,142,443,493,751
20220401_204003.jpg,756,1008,martabak telor,278,277,684,613
20220401_204003.jpg,756,1008,martabak telor,147,347,540,679
20220401_204003.jpg,756,1008,martabak telor,68,453,443,777
20220401_204004.jpg,756,1008,martabak telor,320,300,680,539
20220401_204004.jpg,756,1008,martabak telor,221,364,557,608
20220401_204004.jpg,756,1008,martabak telor,142,450,524,730
20220401_204012.jpg,756,1008,martabak telor,319,269,689,606
20220401_204012.jpg,756,1008,martabak telor,198,274,521,610
20220401_204012.jpg,756,1008,martabak telor,27,367,372,704
20220401_204016.jpg,756,1008,martabak telor,24,441,429,724
20220401_204016.jpg,756,1008,martabak telor,174,333,528,621
20220401_204016.jpg,756,1008,martabak telor,275,306,671,590
20220401_204022.jpg,756,1008,martabak telor,363,411,694,757
20220401_204022.jpg,756,1008,martabak telor,243,432,541,722
20220401_204022.jpg,756,1008,martabak telor,67,488,344,726
20220401_204036.jpg,756,1008,martabak telor,260,417,675,795
20220401_204036.jpg,756,1008,martabak telor,135,472,505,872
20220401_204036.jpg,756,1008,martabak telor,27,522,342,974
20220401_204037.jpg,756,1008,martabak telor,95,474,382,824
20220401_204037.jpg,756,1008,martabak telor,315,407,668,698
20220401_204037.jpg,756,1008,martabak telor,213,446,448,731
20220401_204043.jpg,756,1008,martabak telor,261,441,568,781
20220401_204044.jpg,756,1008,martabak telor,149,517,479,906
20220401_204044.jpg,756,1008,martabak telor,256,400,532,647
20220401_204044.jpg,756,1008,martabak telor,131,474,268,674
20220401_204046.jpg,756,1008,martabak telor,172,520,295,742
20220401_204046.jpg,756,1008,martabak telor,260,460,540,657
20220401_204046.jpg,756,1008,martabak telor,208,556,521,927
20220401_204200.jpg,756,1008,martabak manis,56,214,265,457
20220401_204200.jpg,756,1008,martabak manis,215,264,458,476
20220401_204200.jpg,756,1008,martabak manis,321,376,547,582
20220401_204200.jpg,756,1008,martabak manis,455,469,671,712
20220401_204200.jpg,756,1008,martabak manis,200,497,453,774
20220401_204200.jpg,756,1008,martabak manis,331,628,563,870
20220401_204200.jpg,756,1008,martabak manis,554,592,756,879
20220401_204201.jpg,756,1008,martabak manis,109,206,432,424
20220401_204201.jpg,756,1008,martabak manis,180,349,504,553
20220401_204201.jpg,756,1008,martabak manis,259,477,589,636
20220401_204201.jpg,756,1008,martabak manis,94,576,442,779
20220401_204201.jpg,756,1008,martabak manis,149,735,534,940
20220401_204201.jpg,756,1008,martabak manis,419,568,689,803
20220401_204201.jpg,756,1008,martabak manis,489,806,756,998
20220401_204202.jpg,756,1008,martabak manis,123,234,389,406
20220401_204202.jpg,756,1008,martabak manis,195,348,451,493
20220401_204202.jpg,756,1008,martabak manis,255,481,532,607
20220401_204202.jpg,756,1008,martabak manis,378,571,595,739
20220401_204202.jpg,756,1008,martabak manis,434,721,653,902
20220401_204202.jpg,756,1008,martabak manis,268,830,513,1008
20220401_204202.jpg,756,1008,martabak manis,233,718,461,853
20220401_204202.jpg,756,1008,martabak manis,130,556,380,755
20220401_204203.jpg,756,1008,martabak manis,165,228,417,470
20220401_204203.jpg,756,1008,martabak manis,379,259,556,506
20220401_204203.jpg,756,1008,martabak manis,533,306,756,531
20220401_204203.jpg,756,1008,martabak manis,472,441,743,722
20220401_204204.jpg,756,1008,martabak manis,29,399,291,598
20220401_204204.jpg,756,1008,martabak manis,259,421,403,649
20220401_204204.jpg,756,1008,martabak manis,364,455,544,653
20220401_204204.jpg,756,1008,martabak manis,512,483,671,664
20220401_204204.jpg,756,1008,martabak manis,655,533,756,697
20220401_204204.jpg,756,1008,martabak manis,344,579,533,806
20220401_204204.jpg,756,1008,martabak manis,524,614,675,868
20220401_204204.jpg,756,1008,martabak manis,662,673,756,864
20220401_204205.jpg,756,1008,martabak manis,19,317,253,542
20220401_204205.jpg,756,1008,martabak manis,231,350,365,579
20220401_204205.jpg,756,1008,martabak manis,336,390,529,582
20220401_204205.jpg,756,1008,martabak manis,498,412,667,650
20220401_204205.jpg,756,1008,martabak manis,641,509,756,692
20220401_204205.jpg,756,1008,martabak manis,296,521,498,760
20220401_204205.jpg,756,1008,martabak manis,477,578,623,832
20220401_204205.jpg,756,1008,martabak manis,613,655,756,853
20220401_204207.jpg,756,1008,martabak manis,41,261,281,483
20220401_204207.jpg,756,1008,martabak manis,191,339,367,557
20220401_204207.jpg,756,1008,martabak manis,290,417,499,611
20220401_204207.jpg,756,1008,martabak manis,150,550,422,742
20220401_204207.jpg,756,1008,martabak manis,418,501,607,699
20220401_204207.jpg,756,1008,martabak manis,495,604,708,842
20220401_204207.jpg,756,1008,martabak manis,278,686,513,866
20220401_204207.jpg,756,1008,martabak manis,388,767,636,999
20220401_204215.jpg,756,1008,martabak manis,270,373,481,488
20220401_204215.jpg,756,1008,martabak manis,295,464,481,598
20220401_204215.jpg,756,1008,martabak manis,298,558,497,708
20220401_204215.jpg,756,1008,martabak manis,320,672,512,818
20220401_204215.jpg,756,1008,martabak manis,321,799,510,971
20220401_204215.jpg,756,1008,martabak manis,144,609,327,731
20220401_204215.jpg,756,1008,martabak manis,169,711,349,829
20220401_204215.jpg,756,1008,martabak manis,162,837,321,984
20220401_204216.jpg,756,1008,martabak manis,308,317,521,441
20220401_204216.jpg,756,1008,martabak manis,337,435,540,564
20220401_204216.jpg,756,1008,martabak manis,350,553,551,689
20220401_204216.jpg,756,1008,martabak manis,363,674,568,824
20220401_204216.jpg,756,1008,martabak manis,372,820,558,996
20220401_204216.jpg,756,1008,martabak manis,176,835,365,996
20220401_204216.jpg,756,1008,martabak manis,180,713,378,827
20220401_204216.jpg,756,1008,martabak manis,177,579,363,697
20220401_204217.jpg,756,1008,martabak manis,212,280,429,391
20220401_204217.jpg,756,1008,martabak manis,222,380,463,510
20220401_204217.jpg,756,1008,martabak manis,287,474,492,588
20220401_204217.jpg,756,1008,martabak manis,354,586,554,716
20220401_204217.jpg,756,1008,martabak manis,387,719,573,870
20220401_204217.jpg,756,1008,martabak manis,145,566,350,662
20220401_204217.jpg,756,1008,martabak manis,162,669,396,788
20220401_204217.jpg,756,1008,martabak manis,183,768,413,943
20220401_204224.jpg,756,1008,martabak manis,72,627,274,888
20220401_204224.jpg,756,1008,martabak manis,170,498,353,727
20220401_204224.jpg,756,1008,martabak manis,272,422,429,654
20220401_204224.jpg,756,1008,martabak manis,341,356,489,508
20220401_204224.jpg,756,1008,martabak manis,407,286,563,423
20220401_204224.jpg,756,1008,martabak manis,516,303,692,475
20220401_204224.jpg,756,1008,martabak manis,464,423,623,558
20220401_204224.jpg,756,1008,martabak manis,377,497,561,683
20220401_204228.jpg,756,1008,martabak manis,417,372,543,492
20220401_204228.jpg,756,1008,martabak manis,490,397,644,542
20220401_204228.jpg,756,1008,martabak manis,337,464,469,558
20220401_204228.jpg,756,1008,martabak manis,434,499,574,608
20220401_204228.jpg,756,1008,martabak manis,281,529,409,658
20220401_204228.jpg,756,1008,martabak manis,355,561,512,726
20220401_204228.jpg,756,1008,martabak manis,201,630,372,761
20220401_204228.jpg,756,1008,martabak manis,109,701,328,926
20220401_204230.jpg,756,1008,martabak manis,62,494,257,691
20220401_204230.jpg,756,1008,martabak manis,251,492,367,693
20220401_204230.jpg,756,1008,martabak manis,357,491,481,606
20220401_204230.jpg,756,1008,martabak manis,468,486,576,600
20220401_204230.jpg,756,1008,martabak manis,558,500,703,619
20220401_204230.jpg,756,1008,martabak manis,363,614,513,750
20220401_204230.jpg,756,1008,martabak manis,504,594,610,736
20220401_204230.jpg,756,1008,martabak manis,588,608,735,726
20220401_204231.jpg,756,1008,martabak manis,58,507,240,687
20220401_204231.jpg,756,1008,martabak manis,232,503,356,680
20220401_204231.jpg,756,1008,martabak manis,351,506,458,630
20220401_204231.jpg,756,1008,martabak manis,456,506,561,624
20220401_204231.jpg,756,1008,martabak manis,551,522,678,646
20220401_204231.jpg,756,1008,martabak manis,357,626,487,762
20220401_204231.jpg,756,1008,martabak manis,481,622,576,755
20220401_204231.jpg,756,1008,martabak manis,568,637,714,750
20220401_204232.jpg,756,1008,martabak manis,95,576,254,719
20220401_204232.jpg,756,1008,martabak manis,255,577,357,721
20220401_204232.jpg,756,1008,martabak manis,334,578,441,688
20220401_204232.jpg,756,1008,martabak manis,452,576,535,697
20220401_204232.jpg,756,1008,martabak manis,521,606,624,721
20220401_204232.jpg,756,1008,martabak manis,353,698,457,833
20220401_204232.jpg,756,1008,martabak manis,454,699,543,826
20220401_204232.jpg,756,1008,martabak manis,535,721,640,827
20220401_204234(0).jpg,756,1008,martabak manis,15,464,213,678
20220401_204234(0).jpg,756,1008,martabak manis,194,463,339,657
20220401_204234(0).jpg,756,1008,martabak manis,325,471,450,606
20220401_204234(0).jpg,756,1008,martabak manis,445,474,573,609
20220401_204234(0).jpg,756,1008,martabak manis,568,480,698,635
20220401_204234(0).jpg,756,1008,martabak manis,339,618,497,774
20220401_204234(0).jpg,756,1008,martabak manis,485,621,588,767
20220401_204234(0).jpg,756,1008,martabak manis,594,622,733,773
20220401_204234.jpg,756,1008,martabak manis,11,462,212,667
20220401_204234.jpg,756,1008,martabak manis,200,461,342,667
20220401_204234.jpg,756,1008,martabak manis,341,477,470,628
20220401_204234.jpg,756,1008,martabak manis,452,471,580,614
20220401_204234.jpg,756,1008,martabak manis,572,474,717,646
20220401_204234.jpg,756,1008,martabak manis,333,606,496,795
20220401_204234.jpg,756,1008,martabak manis,481,604,601,787
20220401_204234.jpg,756,1008,martabak manis,589,619,753,789
20220401_204236.jpg,756,1008,martabak manis,22,512,225,699
20220401_204236.jpg,756,1008,martabak manis,203,504,341,693
20220401_204236.jpg,756,1008,martabak manis,348,492,468,613
20220401_204236.jpg,756,1008,martabak manis,459,490,574,614
20220401_204236.jpg,756,1008,martabak manis,557,494,711,629
20220401_204236.jpg,756,1008,martabak manis,354,616,512,766
20220401_204236.jpg,756,1008,martabak manis,494,603,615,752
20220401_204236.jpg,756,1008,martabak manis,597,613,745,737
20220401_204240.jpg,756,1008,martabak manis,1,504,267,808
20220401_204240.jpg,756,1008,martabak manis,179,455,380,692
20220401_204240.jpg,756,1008,martabak manis,322,371,484,494
20220401_204240.jpg,756,1008,martabak manis,437,330,581,455
20220401_204240.jpg,756,1008,martabak manis,535,298,700,406
20220401_204240.jpg,756,1008,martabak manis,429,464,639,671
20220401_204240.jpg,756,1008,martabak manis,569,400,734,564
20220401_204243.jpg,756,1008,martabak manis,73,507,256,721
20220401_204243.jpg,756,1008,martabak manis,219,459,364,660
20220401_204243.jpg,756,1008,martabak manis,325,437,444,547
20220401_204243.jpg,756,1008,martabak manis,394,409,528,511
20220401_204243.jpg,756,1008,martabak manis,478,392,624,487
20220401_204243.jpg,756,1008,martabak manis,542,458,695,576
20220401_204243.jpg,756,1008,martabak manis,476,493,611,630
20220401_204243.jpg,756,1008,martabak manis,394,521,531,686
IMG_20220313_112846_BURST044.jpg,684,912,ayam goreng,58,348,490,866
IMG_20220313_112846_BURST044.jpg,684,912,kecap,2,529,271,802
IMG_20220313_112846_BURST045.jpg,684,912,ayam goreng,65,359,487,878
IMG_20220313_112846_BURST045.jpg,684,912,kecap,1,533,276,815
IMG_20220313_112846_BURST046.jpg,684,912,ayam goreng,71,360,521,884
IMG_20220313_112846_BURST046.jpg,684,912,kecap,17,538,283,819
IMG_20220313_112846_BURST047.jpg,684,912,ayam goreng,68,340,503,893
IMG_20220313_112846_BURST047.jpg,684,912,kecap,19,552,297,828
IMG_20220313_112846_BURST048.jpg,684,912,ayam goreng,89,373,506,888
IMG_20220313_112846_BURST048.jpg,684,912,kecap,26,553,304,829
IMG_20220313_112846_BURST049.jpg,684,912,ayam goreng,119,380,526,899
IMG_20220313_112846_BURST049.jpg,684,912,kecap,46,560,324,839
IMG_20220313_112846_BURST050.jpg,684,912,ayam goreng,122,384,537,905
IMG_20220313_112846_BURST050.jpg,684,912,kecap,60,566,331,840
IMG_20220313_112846_BURST051.jpg,684,912,ayam goreng,143,384,558,903
IMG_20220313_112846_BURST051.jpg,684,912,kecap,68,573,355,840
IMG_20220313_112846_BURST052.jpg,684,912,ayam goreng,149,380,562,906
IMG_20220313_112846_BURST052.jpg,684,912,kecap,85,571,368,846
IMG_20220313_112846_BURST053.jpg,684,912,ayam goreng,168,381,579,910
IMG_20220313_112846_BURST053.jpg,684,912,kecap,102,565,383,854
IMG_20220313_112846_BURST054.jpg,684,912,ayam goreng,173,373,586,908
IMG_20220313_112846_BURST054.jpg,684,912,kecap,107,558,387,849
IMG_20220313_112846_BURST055.jpg,684,912,ayam goreng,175,374,595,906
IMG_20220313_112846_BURST055.jpg,684,912,kecap,107,553,393,841
IMG_20220313_112846_BURST056.jpg,684,912,ayam goreng,171,361,596,895
IMG_20220313_112846_BURST056.jpg,684,912,kecap,118,552,398,823
IMG_20220313_112846_BURST057.jpg,684,912,ayam goreng,176,354,602,884
IMG_20220313_112846_BURST057.jpg,684,912,kecap,116,540,400,816
IMG_20220313_112846_BURST058.jpg,684,912,ayam goreng,183,354,591,882
IMG_20220313_112846_BURST058.jpg,684,912,kecap,136,546,402,816
IMG_20220313_112846_BURST059.jpg,684,912,ayam goreng,180,349,601,874
IMG_20220313_112846_BURST059.jpg,684,912,kecap,119,531,404,809
IMG_20220313_112846_BURST060.jpg,684,912,ayam goreng,180,343,598,868
IMG_20220313_112846_BURST060.jpg,684,912,kecap,128,526,405,810
IMG_20220313_112846_BURST061.jpg,684,912,ayam goreng,175,337,598,863
IMG_20220313_112846_BURST061.jpg,684,912,kecap,123,518,404,800
IMG_20220313_112914_BURST044.jpg,684,912,ayam pop,174,206,608,850
IMG_20220313_112914_BURST044.jpg,684,912,extra,10,352,458,797
IMG_20220313_112914_BURST045.jpg,684,912,ayam pop,168,196,612,851
IMG_20220313_112914_BURST045.jpg,684,912,extra,16,342,471,790
IMG_20220313_112914_BURST046.jpg,684,912,ayam pop,184,193,614,849
IMG_20220313_112914_BURST046.jpg,684,912,extra,23,337,483,794
IMG_20220313_112914_BURST047.jpg,684,912,ayam pop,192,195,623,832
IMG_20220313_112914_BURST047.jpg,684,912,extra,34,333,500,802
IMG_20220313_112914_BURST048.jpg,684,912,ayam pop,193,193,628,830
IMG_20220313_112914_BURST048.jpg,684,912,extra,32,326,506,795
IMG_20220313_112914_BURST049.jpg,684,912,ayam pop,195,194,628,822
IMG_20220313_112914_BURST049.jpg,684,912,extra,48,327,508,787
IMG_20220313_112914_BURST050.jpg,684,912,ayam pop,210,202,647,817
IMG_20220313_112914_BURST050.jpg,684,912,extra,48,342,507,789
IMG_20220313_112914_BURST051.jpg,684,912,ayam pop,208,198,648,812
IMG_20220313_112914_BURST051.jpg,684,912,extra,63,342,504,791
IMG_20220313_112914_BURST052.jpg,684,912,ayam pop,198,203,646,824
IMG_20220313_112914_BURST052.jpg,684,912,extra,33,340,505,778
IMG_20220313_112914_BURST053.jpg,684,912,ayam pop,185,187,644,808
IMG_20220313_112914_BURST053.jpg,684,912,extra,59,340,506,770
IMG_20220313_112914_BURST054.jpg,684,912,ayam pop,210,201,656,806
IMG_20220313_112914_BURST054.jpg,684,912,extra,89,349,509,770
IMG_20220313_112914_BURST055.jpg,684,912,ayam pop,206,213,640,803
IMG_20220313_112914_BURST055.jpg,684,912,extra,65,355,518,762
IMG_20220313_112914_BURST056.jpg,684,912,ayam pop,208,205,655,801
IMG_20220313_112914_BURST056.jpg,684,912,extra,73,354,518,770
IMG_20220313_112914_BURST057.jpg,684,912,ayam pop,201,223,651,779
IMG_20220313_112914_BURST057.jpg,684,912,extra,69,360,510,759
IMG_20220313_112914_BURST058.jpg,684,912,ayam pop,197,222,658,771
IMG_20220313_112914_BURST058.jpg,684,912,extra,74,354,521,761
IMG_20220313_112914_BURST059.jpg,684,912,ayam pop,190,219,653,772
IMG_20220313_112914_BURST059.jpg,684,912,extra,69,359,517,778
IMG_20220313_112914_BURST060.jpg,684,912,ayam pop,188,224,657,774
IMG_20220313_112914_BURST060.jpg,684,912,extra,55,361,512,750
IMG_20220313_112914_BURST061.jpg,684,912,ayam pop,176,225,648,768
IMG_20220313_112914_BURST061.jpg,684,912,extra,42,362,509,747
IMG_20220313_112933_BURST041.jpg,912,684,ayam pop,560,115,909,379
IMG_20220313_112933_BURST041.jpg,912,684,extra,552,200,851,391
IMG_20220313_112933_BURST041.jpg,912,684,ayam goreng,69,276,462,562
IMG_20220313_112933_BURST041.jpg,912,684,kecap,180,433,386,620
IMG_20220313_112933_BURST042.jpg,912,684,ayam pop,553,112,911,376
IMG_20220313_112933_BURST042.jpg,912,684,extra,559,198,837,392
IMG_20220313_112933_BURST042.jpg,912,684,ayam goreng,64,277,452,555
IMG_20220313_112933_BURST042.jpg,912,684,kecap,177,426,390,625
IMG_20220313_112933_BURST043.jpg,912,684,ayam pop,551,115,912,372
IMG_20220313_112933_BURST043.jpg,912,684,extra,561,199,850,383
IMG_20220313_112933_BURST043.jpg,912,684,ayam goreng,72,281,466,566
IMG_20220313_112933_BURST043.jpg,912,684,kecap,177,430,386,624
IMG_20220313_112933_BURST044.jpg,912,684,ayam pop,553,113,912,371
IMG_20220313_112933_BURST044.jpg,912,684,extra,562,193,847,388
IMG_20220313_112933_BURST044.jpg,912,684,ayam goreng,72,273,467,555
IMG_20220313_112933_BURST044.jpg,912,684,kecap,189,424,393,639
IMG_20220313_112933_BURST045.jpg,912,684,ayam pop,552,105,912,371
IMG_20220313_112933_BURST045.jpg,912,684,extra,550,198,850,387
IMG_20220313_112933_BURST045.jpg,912,684,ayam goreng,77,281,472,568
IMG_20220313_112933_BURST045.jpg,912,684,kecap,189,431,406,641
IMG_20220313_112933_BURST046.jpg,912,684,ayam pop,550,106,912,372
IMG_20220313_112933_BURST046.jpg,912,684,extra,559,200,850,384
IMG_20220313_112933_BURST046.jpg,912,684,ayam goreng,72,282,474,564
IMG_20220313_112933_BURST046.jpg,912,684,kecap,184,433,413,641
IMG_20220313_112933_BURST047.jpg,912,684,ayam pop,554,112,912,375
IMG_20220313_112933_BURST047.jpg,912,684,extra,564,199,854,387
IMG_20220313_112933_BURST047.jpg,912,684,ayam goreng,79,286,474,569
IMG_20220313_112933_BURST047.jpg,912,684,kecap,204,425,410,649
IMG_20220313_112933_BURST048.jpg,912,684,ayam pop,554,98,912,368
IMG_20220313_112933_BURST048.jpg,912,684,extra,567,203,845,388
IMG_20220313_112933_BURST048.jpg,912,684,ayam goreng,72,292,476,572
IMG_20220313_112933_BURST048.jpg,912,684,kecap,196,437,418,656
IMG_20220313_112933_BURST049.jpg,912,684,ayam pop,553,117,912,371
IMG_20220313_112933_BURST049.jpg,912,684,extra,533,203,850,383
IMG_20220313_112933_BURST049.jpg,912,684,ayam goreng,80,298,483,573
IMG_20220313_112933_BURST049.jpg,912,684,kecap,187,440,413,659
IMG_20220313_112933_BURST050.jpg,912,684,ayam pop,542,112,912,373
IMG_20220313_112933_BURST050.jpg,912,684,extra,564,207,848,388
IMG_20220313_112933_BURST050.jpg,912,684,ayam goreng,83,298,481,575
IMG_20220313_112933_BURST050.jpg,912,684,kecap,191,447,413,674
IMG_20220313_112933_BURST051.jpg,912,684,ayam pop,544,112,912,376
IMG_20220313_112933_BURST051.jpg,912,684,extra,557,205,845,398
IMG_20220313_112933_BURST051.jpg,912,684,ayam goreng,82,305,480,585
IMG_20220313_112933_BURST051.jpg,912,684,kecap,201,454,418,673
IMG_20220313_112933_BURST052.jpg,912,684,ayam pop,537,124,912,364
IMG_20220313_112933_BURST052.jpg,912,684,extra,546,218,850,388
IMG_20220313_112933_BURST052.jpg,912,684,ayam goreng,70,308,478,586
IMG_20220313_112933_BURST052.jpg,912,684,kecap,193,459,418,678
IMG_20220313_113019_BURST046.jpg,684,912,rendang,136,326,486,686
IMG_20220313_113019_BURST047.jpg,684,912,rendang,195,344,467,680
IMG_20220313_113019_BURST048.jpg,684,912,rendang,176,346,473,677
IMG_20220313_113019_BURST049.jpg,684,912,rendang,158,338,480,686
IMG_20220313_113019_BURST050.jpg,684,912,rendang,170,352,488,670
IMG_20220313_113019_BURST051.jpg,684,912,rendang,188,333,471,673
IMG_20220313_113019_BURST052.jpg,684,912,rendang,180,345,490,683
IMG_20220313_113019_BURST053.jpg,684,912,rendang,179,346,480,674
IMG_20220313_113019_BURST054.jpg,684,912,rendang,186,359,487,697
IMG_20220313_113019_BURST055.jpg,684,912,rendang,176,348,483,706
IMG_20220313_113019_BURST056.jpg,684,912,rendang,182,350,454,666
IMG_20220313_113019_BURST057.jpg,684,912,rendang,197,333,448,667
IMG_20220313_113019_BURST058.jpg,684,912,rendang,175,333,469,677
IMG_20220313_113019_BURST059.jpg,684,912,rendang,172,338,482,684
IMG_20220313_113019_BURST060.jpg,684,912,rendang,196,343,463,659
IMG_20220313_113019_BURST061.jpg,684,912,rendang,192,346,464,669
IMG_20220313_113019_BURST062.jpg,684,912,rendang,200,357,463,674
IMG_20220313_113019_BURST063.jpg,684,912,rendang,201,344,470,671
IMG_20220313_113019_BURST064.jpg,684,912,rendang,205,374,451,660
IMG_20220313_113019_BURST065.jpg,684,912,rendang,183,363,477,674
IMG_20220313_113019_BURST066.jpg,684,912,rendang,193,361,488,675
IMG_20220313_113019_BURST067.jpg,684,912,rendang,184,357,492,682
IMG_20220313_113019_BURST068.jpg,684,912,rendang,182,369,503,694
IMG_20220313_193059_BURST043.jpg,684,912,bebek bakar,177,236,681,681
IMG_20220313_193059_BURST043.jpg,684,912,nasi putih,311,203,529,412
IMG_20220313_193059_BURST044.jpg,684,912,bebek bakar,185,236,684,663
IMG_20220313_193059_BURST044.jpg,684,912,nasi putih,306,204,520,413
IMG_20220313_193059_BURST045.jpg,684,912,bebek bakar,178,229,684,666
IMG_20220313_193059_BURST045.jpg,684,912,nasi putih,298,206,517,414
IMG_20220313_193059_BURST046.jpg,684,912,bebek bakar,168,248,684,678
IMG_20220313_193059_BURST046.jpg,684,912,nasi putih,297,222,514,429
IMG_20220313_193059_BURST047.jpg,684,912,bebek bakar,152,230,684,663
IMG_20220313_193059_BURST047.jpg,684,912,nasi putih,282,216,504,419
IMG_20220313_193059_BURST048.jpg,684,912,bebek bakar,148,234,684,672
IMG_20220313_193059_BURST048.jpg,684,912,nasi putih,286,206,504,427
IMG_20220313_193059_BURST049.jpg,684,912,bebek bakar,149,234,684,677
IMG_20220313_193059_BURST049.jpg,684,912,nasi putih,273,218,508,428
IMG_20220313_193059_BURST050.jpg,684,912,bebek bakar,135,241,684,670
IMG_20220313_193059_BURST050.jpg,684,912,nasi putih,261,218,503,439
IMG_20220313_193059_BURST051.jpg,684,912,bebek bakar,134,244,684,672
IMG_20220313_193059_BURST051.jpg,684,912,nasi putih,272,224,488,434
IMG_20220313_193059_BURST052.jpg,684,912,bebek bakar,129,243,679,681
IMG_20220313_193059_BURST052.jpg,684,912,nasi putih,269,210,469,426
IMG_20220313_193059_BURST053.jpg,684,912,bebek bakar,126,255,674,681
IMG_20220313_193059_BURST053.jpg,684,912,nasi putih,266,240,468,439
IMG_20220313_193059_BURST054.jpg,684,912,bebek bakar,118,256,666,690
IMG_20220313_193059_BURST054.jpg,684,912,nasi putih,263,239,463,439
IMG_20220313_193059_BURST055.jpg,684,912,bebek bakar,112,264,655,689
IMG_20220313_193059_BURST055.jpg,684,912,nasi putih,263,252,472,432
IMG_20220313_193059_BURST056.jpg,684,912,bebek bakar,119,261,647,700
IMG_20220313_193059_BURST056.jpg,684,912,nasi putih,249,250,460,447
IMG_20220313_193059_BURST057.jpg,684,912,bebek bakar,108,265,654,697
IMG_20220313_193059_BURST057.jpg,684,912,nasi putih,239,240,456,449
IMG_20220313_193059_BURST058.jpg,684,912,bebek bakar,111,257,654,698
IMG_20220313_193059_BURST058.jpg,684,912,nasi putih,254,239,457,437
IMG_20220313_193114_1_BURST041.jpg,684,912,bebek goreng,286,78,583,709
IMG_20220313_193114_1_BURST041.jpg,684,912,nasi putih,88,307,327,543
IMG_20220313_193114_1_BURST042.jpg,684,912,bebek goreng,274,70,575,702
IMG_20220313_193114_1_BURST042.jpg,684,912,nasi putih,83,308,320,544
IMG_20220313_193114_1_BURST043.jpg,684,912,bebek goreng,286,74,568,705
IMG_20220313_193114_1_BURST043.jpg,684,912,nasi putih,77,311,328,539
IMG_20220313_193114_1_BURST044.jpg,684,912,bebek goreng,296,76,575,697
IMG_20220313_193114_1_BURST044.jpg,684,912,nasi putih,88,309,329,566
IMG_20220313_193114_1_BURST045.jpg,684,912,bebek goreng,281,83,568,688
IMG_20220313_193114_1_BURST045.jpg,684,912,nasi putih,101,311,315,566
IMG_20220313_193114_1_BURST046.jpg,684,912,bebek goreng,277,91,565,706
IMG_20220313_193114_1_BURST046.jpg,684,912,nasi putih,71,318,325,560
IMG_20220313_193114_1_BURST047.jpg,684,912,bebek goreng,283,82,563,707
IMG_20220313_193114_1_BURST047.jpg,684,912,nasi putih,89,316,319,561
IMG_20220313_193114_1_BURST048.jpg,684,912,bebek goreng,281,87,579,709
IMG_20220313_193114_1_BURST048.jpg,684,912,nasi putih,68,319,327,566
IMG_20220313_193114_1_BURST049.jpg,684,912,bebek goreng,297,91,564,714
IMG_20220313_193114_1_BURST049.jpg,684,912,nasi putih,81,317,327,566
IMG_20220313_193114_1_BURST050.jpg,684,912,bebek goreng,287,87,565,713
IMG_20220313_193114_1_BURST050.jpg,684,912,nasi putih,75,322,317,557
IMG_20220313_193114_1_BURST051.jpg,684,912,bebek goreng,288,95,548,704
IMG_20220313_193114_1_BURST051.jpg,684,912,nasi putih,83,329,309,555
IMG_20220313_193114_1_BURST052.jpg,684,912,bebek goreng,265,94,550,720
IMG_20220313_193114_1_BURST052.jpg,684,912,nasi putih,87,327,314,563
IMG_20220313_193135_BURST036.jpg,684,912,iga bakar,85,426,449,862
IMG_20220313_193135_BURST036.jpg,684,912,nasi putih,111,68,386,390
IMG_20220313_193135_BURST037.jpg,684,912,iga bakar,103,439,432,862
IMG_20220313_193135_BURST037.jpg,684,912,nasi putih,103,67,374,382
IMG_20220313_193135_BURST038.jpg,684,912,iga bakar,98,425,426,853
IMG_20220313_193135_BURST038.jpg,684,912,nasi putih,110,69,370,382
IMG_20220313_193135_BURST039.jpg,684,912,iga bakar,97,446,416,854
IMG_20220313_193135_BURST039.jpg,684,912,nasi putih,103,67,355,371
IMG_20220313_193135_BURST040.jpg,684,912,iga bakar,95,437,417,849
IMG_20220313_193135_BURST040.jpg,684,912,nasi putih,92,66,355,394
IMG_20220313_193135_BURST041.jpg,684,912,iga bakar,79,452,409,835
IMG_20220313_193135_BURST041.jpg,684,912,nasi putih,88,68,360,388
IMG_20220313_193135_BURST042.jpg,684,912,iga bakar,80,438,397,848
IMG_20220313_193135_BURST042.jpg,684,912,nasi putih,95,83,353,384
IMG_20220313_193135_BURST043.jpg,684,912,iga bakar,68,434,390,866
IMG_20220313_193135_BURST043.jpg,684,912,nasi putih,80,66,366,394
IMG_20220313_193135_BURST044.jpg,684,912,iga bakar,88,441,393,872
IMG_20220313_193135_BURST044.jpg,684,912,nasi putih,75,85,362,391
IMG_20220313_193135_BURST045.jpg,684,912,iga bakar,86,448,383,875
IMG_20220313_193135_BURST045.jpg,684,912,nasi putih,72,85,359,408
IMG_20220313_193135_BURST046.jpg,684,912,iga bakar,84,454,384,885
IMG_20220313_193135_BURST046.jpg,684,912,nasi putih,98,90,361,404
IMG_20220322_203804_BURST012.jpg,912,684,nasi goreng,200,359,675,684
IMG_20220322_203804_BURST012.jpg,912,684,kerupuk,362,45,691,357
IMG_20220322_203804_BURST013.jpg,912,684,nasi goreng,207,355,665,684
IMG_20220322_203804_BURST013.jpg,912,684,kerupuk,360,45,677,353
IMG_20220322_203804_BURST014.jpg,912,684,nasi goreng,191,361,681,684
IMG_20220322_203804_BURST014.jpg,912,684,kerupuk,362,42,686,354
IMG_20220322_203804_BURST015.jpg,912,684,nasi goreng,217,350,703,684
IMG_20220322_203804_BURST015.jpg,912,684,kerupuk,354,45,683,351
IMG_20220322_203804_BURST016.jpg,912,684,nasi goreng,201,354,702,684
IMG_20220322_203804_BURST016.jpg,912,684,kerupuk,357,42,685,349
IMG_20220322_203804_BURST017.jpg,912,684,nasi goreng,227,360,698,684
IMG_20220322_203804_BURST017.jpg,912,684,kerupuk,353,42,691,359
IMG_20220322_203804_BURST018.jpg,912,684,nasi goreng,231,360,686,684
IMG_20220322_203804_BURST018.jpg,912,684,kerupuk,360,40,681,352
IMG_20220322_203804_BURST019.jpg,912,684,nasi goreng,233,354,699,684
IMG_20220322_203804_BURST019.jpg,912,684,kerupuk,353,38,686,361
IMG_20220322_203804_BURST020.jpg,912,684,nasi goreng,245,352,708,684
IMG_20220322_203804_BURST020.jpg,912,684,kerupuk,355,34,683,356
IMG_20220322_203804_BURST021.jpg,912,684,nasi goreng,240,353,707,684
IMG_20220322_203804_BURST021.jpg,912,684,kerupuk,348,32,684,363
IMG_20220322_203804_BURST022.jpg,912,684,nasi goreng,248,343,710,682
IMG_20220322_203804_BURST022.jpg,912,684,kerupuk,342,29,678,343
IMG_20220322_203804_BURST023.jpg,912,684,nasi goreng,260,354,716,684
IMG_20220322_203804_BURST023.jpg,912,684,kerupuk,331,34,667,346
IMG_20220322_203804_BURST024.jpg,912,684,nasi goreng,267,358,713,683
IMG_20220322_203804_BURST024.jpg,912,684,kerupuk,337,37,667,356
IMG_20220322_203804_BURST025.jpg,912,684,nasi goreng,257,364,707,683
IMG_20220322_203804_BURST025.jpg,912,684,kerupuk,328,40,647,359
IMG_20220322_203804_BURST026.jpg,912,684,nasi goreng,264,366,698,684
IMG_20220322_203804_BURST026.jpg,912,684,kerupuk,315,44,647,361
IMG_20220322_203804_BURST027.jpg,912,684,nasi goreng,235,366,705,684
IMG_20220322_203804_BURST027.jpg,912,684,kerupuk,313,47,646,356
IMG_20220322_203804_BURST028.jpg,912,684,nasi goreng,235,366,729,684
IMG_20220322_203804_BURST028.jpg,912,684,kerupuk,318,45,644,364
IMG_20220322_203804_BURST029.jpg,912,684,nasi goreng,266,365,726,684
IMG_20220322_203804_BURST029.jpg,912,684,kerupuk,307,42,643,359
IMG_20220322_203804_BURST030.jpg,912,684,nasi goreng,267,369,722,684
IMG_20220322_203804_BURST030.jpg,912,684,kerupuk,313,44,647,363
IMG_20220322_203804_BURST031.jpg,912,684,nasi goreng,274,364,738,684
IMG_20220322_203804_BURST031.jpg,912,684,kerupuk,313,38,648,364
IMG_20220322_203804_BURST032.jpg,912,684,nasi goreng,297,355,734,684
IMG_20220322_203804_BURST032.jpg,912,684,kerupuk,312,34,645,351
IMG_20220322_203804_BURST033.jpg,912,684,nasi goreng,293,357,743,683
IMG_20220322_203804_BURST033.jpg,912,684,kerupuk,317,36,652,360
IMG_20220322_203804_BURST034.jpg,912,684,nasi goreng,295,355,730,684
IMG_20220322_203804_BURST034.jpg,912,684,kerupuk,313,32,649,355
IMG_20220322_203804_BURST035.jpg,912,684,nasi goreng,298,357,753,681
IMG_20220322_203804_BURST035.jpg,912,684,kerupuk,314,39,654,356
IMG_20220322_203804_BURST036.jpg,912,684,nasi goreng,298,360,748,684
IMG_20220322_203804_BURST036.jpg,912,684,kerupuk,308,32,642,354
IMG_20220322_203804_BURST037.jpg,912,684,nasi goreng,308,361,746,684
IMG_20220322_203804_BURST037.jpg,912,684,kerupuk,301,30,640,359
IMG_20220322_203804_BURST038.jpg,912,684,nasi goreng,304,357,750,684
IMG_20220322_203804_BURST038.jpg,912,684,kerupuk,299,34,636,349
IMG_20220322_203804_BURST039.jpg,912,684,nasi goreng,302,361,748,684
IMG_20220322_203804_BURST039.jpg,912,684,kerupuk,288,32,624,357
IMG_20220322_203804_BURST040.jpg,912,684,nasi goreng,302,364,743,684
IMG_20220322_203804_BURST040.jpg,912,684,kerupuk,283,33,629,356
IMG_20220322_203804_BURST041.jpg,912,684,nasi goreng,282,364,737,684
IMG_20220322_203804_BURST041.jpg,912,684,kerupuk,275,30,616,364
IMG_20220322_203804_BURST042.jpg,912,684,nasi goreng,283,357,744,684
IMG_20220322_203804_BURST042.jpg,912,684,kerupuk,269,26,615,360
IMG_20220322_203804_BURST043.jpg,912,684,nasi goreng,281,350,748,684
IMG_20220322_203804_BURST043.jpg,912,684,kerupuk,261,22,611,353
IMG_20220322_203804_BURST044.jpg,912,684,nasi goreng,288,350,734,684
IMG_20220322_203804_BURST044.jpg,912,684,kerupuk,255,12,602,349
IMG_20220322_203804_BURST045.jpg,912,684,nasi goreng,286,348,751,684
IMG_20220322_203804_BURST045.jpg,912,684,kerupuk,253,15,610,349
IMG_20220322_203804_BURST046.jpg,912,684,nasi goreng,258,348,741,684
IMG_20220322_203804_BURST046.jpg,912,684,kerupuk,248,12,603,341
IMG_20220322_203804_BURST047.jpg,912,684,nasi goreng,285,345,732,680
IMG_20220322_203804_BURST047.jpg,912,684,kerupuk,247,5,593,344
IMG_20220322_203804_BURST048.jpg,912,684,nasi goreng,271,340,744,684
IMG_20220322_203804_BURST048.jpg,912,684,kerupuk,235,3,598,337
IMG_20220322_203804_BURST049.jpg,912,684,nasi goreng,274,340,737,674
IMG_20220322_203804_BURST049.jpg,912,684,kerupuk,236,1,588,328
IMG_20220322_203804_BURST050.jpg,912,684,nasi goreng,264,341,730,684
IMG_20220322_203804_BURST050.jpg,912,684,kerupuk,226,1,588,341
IMG_20220322_203804_BURST051.jpg,912,684,nasi goreng,255,335,743,684
IMG_20220322_203804_BURST051.jpg,912,684,kerupuk,225,1,586,333
IMG_20220322_203804_BURST052.jpg,912,684,nasi goreng,269,329,746,684
IMG_20220322_203804_BURST052.jpg,912,684,kerupuk,220,1,582,331
IMG_20220322_203804_BURST053.jpg,912,684,nasi goreng,283,328,742,673
IMG_20220322_203804_BURST053.jpg,912,684,kerupuk,223,1,582,327
IMG_20220322_203804_BURST054.jpg,912,684,nasi goreng,241,329,781,673
IMG_20220322_203804_BURST054.jpg,912,684,kerupuk,223,1,579,329
IMG_20220322_203804_BURST055.jpg,912,684,nasi goreng,280,331,760,684
IMG_20220322_203804_BURST055.jpg,912,684,kerupuk,211,1,567,329
IMG_20220322_203804_BURST056.jpg,912,684,nasi goreng,283,329,746,684
IMG_20220322_203804_BURST056.jpg,912,684,kerupuk,208,1,570,326
IMG_20220322_203804_BURST057.jpg,912,684,nasi goreng,248,329,753,684
IMG_20220322_203804_BURST057.jpg,912,684,kerupuk,202,1,557,331
IMG_20220322_203804_BURST058.jpg,912,684,nasi goreng,267,336,746,684
IMG_20220322_203804_BURST058.jpg,912,684,kerupuk,200,1,558,338
IMG_20220322_203804_BURST059.jpg,912,684,nasi goreng,269,329,751,684
IMG_20220322_203804_BURST059.jpg,912,684,kerupuk,191,1,556,328
IMG_20220322_203804_BURST060.jpg,912,684,nasi goreng,261,329,746,682
IMG_20220322_203804_BURST060.jpg,912,684,kerupuk,186,1,551,332
IMG_20220322_203804_BURST061.jpg,912,684,nasi goreng,267,322,749,684
IMG_20220322_203804_BURST061.jpg,912,684,kerupuk,189,1,549,322
IMG_20220322_203804_BURST062.jpg,912,684,nasi goreng,259,322,734,684
IMG_20220322_203804_BURST062.jpg,912,684,kerupuk,181,1,554,319
IMG_20220322_203804_BURST063.jpg,912,684,nasi goreng,258,313,746,684
IMG_20220322_203804_BURST063.jpg,912,684,kerupuk,186,1,561,312
IMG_20220322_203804_BURST064.jpg,912,684,nasi goreng,247,317,765,679
IMG_20220322_203804_BURST064.jpg,912,684,kerupuk,190,1,550,319
IMG_20220322_203804_BURST075.jpg,912,684,nasi goreng,241,323,761,684
IMG_20220322_203804_BURST075.jpg,912,684,kerupuk,178,7,550,326
IMG_20220322_203804_BURST076.jpg,912,684,nasi goreng,274,329,771,684
IMG_20220322_203804_BURST076.jpg,912,684,kerupuk,185,2,560,332
IMG_20220322_203804_BURST077.jpg,912,684,nasi goreng,269,333,767,684
IMG_20220322_203804_BURST077.jpg,912,684,kerupuk,179,1,554,338
IMG_20220322_203804_BURST078.jpg,912,684,nasi goreng,263,332,779,684
IMG_20220322_203804_BURST078.jpg,912,684,kerupuk,181,1,551,331
IMG_20220322_203804_BURST079.jpg,912,684,nasi goreng,279,331,766,684
IMG_20220322_203804_BURST079.jpg,912,684,kerupuk,186,10,553,331
IMG_20220324_190625_BURST031.jpg,912,684,nasi putih,28,449,215,641
IMG_20220324_190625_BURST031.jpg,912,684,nasi putih,568,2,683,100
IMG_20220324_190625_BURST031.jpg,912,684,nasi putih,752,213,900,352
IMG_20220324_190625_BURST032.jpg,912,684,nasi putih,31,454,215,639
IMG_20220324_190625_BURST032.jpg,912,684,nasi putih,574,1,686,104
IMG_20220324_190625_BURST032.jpg,912,684,nasi putih,758,212,912,353
IMG_20220324_190625_BURST033.jpg,912,684,nasi putih,27,454,215,644
IMG_20220324_190625_BURST033.jpg,912,684,nasi putih,574,1,685,103
IMG_20220324_190625_BURST033.jpg,912,684,nasi putih,759,211,912,350
IMG_20220324_190625_BURST034.jpg,912,684,nasi putih,20,446,217,647
IMG_20220324_190625_BURST034.jpg,912,684,nasi putih,571,1,689,100
IMG_20220324_190625_BURST034.jpg,912,684,nasi putih,757,205,912,346
IMG_20220324_190625_BURST035.jpg,912,684,nasi putih,22,449,211,643
IMG_20220324_190625_BURST035.jpg,912,684,nasi putih,562,1,686,99
IMG_20220324_190625_BURST035.jpg,912,684,nasi putih,764,208,912,350
IMG_20220324_190625_BURST036.jpg,912,684,nasi putih,19,446,211,634
IMG_20220324_190625_BURST036.jpg,912,684,nasi putih,575,1,688,89
IMG_20220324_190625_BURST036.jpg,912,684,nasi putih,760,198,912,340
IMG_20220324_190625_BURST037.jpg,912,684,nasi putih,18,441,209,637
IMG_20220324_190625_BURST037.jpg,912,684,nasi putih,576,1,689,95
IMG_20220324_190625_BURST037.jpg,912,684,nasi putih,760,200,912,334
IMG_20220324_190625_BURST038.jpg,912,684,nasi putih,16,444,205,635
IMG_20220324_190625_BURST038.jpg,912,684,nasi putih,568,1,684,96
IMG_20220324_190625_BURST038.jpg,912,684,nasi putih,764,197,912,337
IMG_20220324_190625_BURST039.jpg,912,684,nasi putih,12,443,205,641
IMG_20220324_190625_BURST039.jpg,912,684,nasi putih,567,1,681,95
IMG_20220324_190625_BURST039.jpg,912,684,nasi putih,758,196,912,343
IMG_20220324_190625_BURST040.jpg,912,684,nasi putih,11,449,204,643
IMG_20220324_190625_BURST040.jpg,912,684,nasi putih,558,1,677,104
IMG_20220324_190625_BURST040.jpg,912,684,nasi putih,762,199,911,341
IMG_20220324_190625_BURST041.jpg,912,684,nasi putih,1,454,200,651
IMG_20220324_190625_BURST041.jpg,912,684,nasi putih,557,5,674,109
IMG_20220324_190625_BURST041.jpg,912,684,nasi putih,757,208,907,347
IMG_20220324_190625_BURST042.jpg,912,684,nasi putih,1,455,198,652
IMG_20220324_190625_BURST042.jpg,912,684,nasi putih,557,15,670,113
IMG_20220324_190625_BURST042.jpg,912,684,nasi putih,759,211,903,343
IMG_20220324_190625_BURST043.jpg,912,684,nasi putih,6,454,201,652
IMG_20220324_190625_BURST043.jpg,912,684,nasi putih,555,13,672,112
IMG_20220324_190625_BURST043.jpg,912,684,nasi putih,757,208,905,344
IMG_20220324_190625_BURST044.jpg,912,684,nasi putih,2,442,200,637
IMG_20220324_190625_BURST044.jpg,912,684,nasi putih,557,6,676,108
IMG_20220324_190625_BURST044.jpg,912,684,nasi putih,753,200,910,337
IMG_20220324_190625_BURST045.jpg,912,684,nasi putih,1,438,202,633
IMG_20220324_190625_BURST045.jpg,912,684,nasi putih,561,1,678,102
IMG_20220324_190625_BURST045.jpg,912,684,nasi putih,767,193,912,329
IMG_20220324_190625_BURST046.jpg,912,684,nasi putih,1,434,204,631
IMG_20220324_190625_BURST046.jpg,912,684,nasi putih,567,1,680,102
IMG_20220324_190625_BURST046.jpg,912,684,nasi putih,767,191,912,328
IMG_20220324_190625_BURST047.jpg,912,684,nasi putih,9,425,211,624
IMG_20220324_190625_BURST047.jpg,912,684,nasi putih,569,1,686,95
IMG_20220324_190625_BURST047.jpg,912,684,nasi putih,773,180,912,319
IMG_20220324_190625_BURST048.jpg,912,684,nasi putih,16,421,218,631
IMG_20220324_190625_BURST048.jpg,912,684,nasi putih,574,1,689,95
IMG_20220324_190625_BURST048.jpg,912,684,nasi putih,781,183,912,321
IMG_20220324_190625_BURST049.jpg,912,684,nasi putih,23,419,223,621
IMG_20220324_190625_BURST049.jpg,912,684,nasi putih,579,1,700,89
IMG_20220324_190625_BURST049.jpg,912,684,nasi putih,789,178,912,310
IMG_20220324_190625_BURST050.jpg,912,684,nasi putih,27,422,232,619
IMG_20220324_190625_BURST050.jpg,912,684,nasi putih,590,1,703,99
IMG_20220324_190625_BURST050.jpg,912,684,nasi putih,801,178,912,314
IMG_20220324_190625_BURST051.jpg,912,684,nasi putih,32,424,240,621
IMG_20220324_190625_BURST051.jpg,912,684,nasi putih,588,1,709,102
IMG_20220324_190625_BURST053.jpg,912,684,nasi putih,57,438,254,638
IMG_20220324_190625_BURST053.jpg,912,684,nasi putih,595,28,712,129
IMG_20220324_190625_BURST054.jpg,912,684,nasi putih,52,440,252,638
IMG_20220324_190625_BURST054.jpg,912,684,nasi putih,599,37,712,130
IMG_20220324_190625_BURST055.jpg,912,684,nasi putih,45,442,252,635
IMG_20220324_190625_BURST055.jpg,912,684,nasi putih,590,47,707,140
IMG_20220324_190625_BURST056.jpg,912,684,nasi putih,41,440,253,632
IMG_20220324_190625_BURST056.jpg,912,684,nasi putih,589,51,699,142
IMG_20220324_190625_BURST057.jpg,912,684,nasi putih,42,427,250,612
IMG_20220324_190625_BURST057.jpg,912,684,nasi putih,577,43,692,138
IMG_20220324_190625_BURST058.jpg,912,684,nasi putih,45,415,244,616
IMG_20220324_190625_BURST058.jpg,912,684,nasi putih,580,44,691,136
IMG_20220324_190625_BURST059.jpg,912,684,nasi putih,35,412,243,605
IMG_20220324_190625_BURST059.jpg,912,684,nasi putih,579,42,687,127
IMG_20220324_190625_BURST060.jpg,912,684,nasi putih,39,408,243,603
IMG_20220324_190625_BURST060.jpg,912,684,nasi putih,577,37,686,129
IMG_20220324_190625_BURST061.jpg,912,684,nasi putih,35,410,241,599
IMG_20220324_190625_BURST061.jpg,912,684,nasi putih,576,41,687,127
IMG_20220324_190625_BURST062.jpg,912,684,nasi putih,45,403,239,593
IMG_20220324_190625_BURST062.jpg,912,684,nasi putih,568,35,681,126
IMG_20220324_190625_BURST063.jpg,912,684,nasi putih,30,405,237,605
IMG_20220324_190625_BURST063.jpg,912,684,nasi putih,561,40,675,129
IMG_20220324_190625_BURST063.jpg,912,684,nasi putih,777,164,912,298
IMG_20220324_190625_BURST064.jpg,912,684,nasi putih,1,398,245,603
IMG_20220324_190625_BURST064.jpg,912,684,nasi putih,550,39,681,134
IMG_20220324_190625_BURST064.jpg,912,684,nasi putih,776,172,912,300
IMG_20220324_190625_BURST065.jpg,912,684,nasi putih,15,410,234,608
IMG_20220324_190625_BURST065.jpg,912,684,nasi putih,550,49,666,131
IMG_20220324_190625_BURST065.jpg,912,684,nasi putih,759,173,912,302
IMG_20220324_190625_BURST066.jpg,912,684,nasi putih,6,408,228,608
IMG_20220324_190625_BURST066.jpg,912,684,nasi putih,551,51,663,135
IMG_20220324_190625_BURST066.jpg,912,684,nasi putih,758,173,912,304
IMG_20220324_190625_BURST067.jpg,912,684,nasi putih,12,412,231,610
IMG_20220324_190625_BURST067.jpg,912,684,nasi putih,550,55,656,144
IMG_20220324_190625_BURST067.jpg,912,684,nasi putih,755,179,912,318
IMG_20220324_190625_BURST068.jpg,912,684,nasi putih,8,409,219,613
IMG_20220324_190625_BURST068.jpg,912,684,nasi putih,546,62,650,149
IMG_20220324_190625_BURST068.jpg,912,684,nasi putih,752,184,898,308
IMG_20220324_190625_BURST069.jpg,912,684,nasi putih,11,413,221,607
IMG_20220324_190625_BURST069.jpg,912,684,nasi putih,540,64,650,152
IMG_20220324_190625_BURST069.jpg,912,684,nasi putih,748,185,895,309
IMG_20220324_190625_BURST070.jpg,912,684,nasi putih,8,415,218,601
IMG_20220324_190625_BURST070.jpg,912,684,nasi putih,536,67,647,151
IMG_20220324_190625_BURST070.jpg,912,684,nasi putih,742,188,897,305
IMG_20220324_190625_BURST071.jpg,912,684,nasi putih,8,412,215,610
IMG_20220324_190625_BURST071.jpg,912,684,nasi putih,533,69,644,158
IMG_20220324_190625_BURST071.jpg,912,684,nasi putih,740,183,892,308
IMG_20220324_190625_BURST072.jpg,912,684,nasi putih,6,410,218,607
IMG_20220324_190625_BURST072.jpg,912,684,nasi putih,532,78,636,161
IMG_20220324_190625_BURST072.jpg,912,684,nasi putih,742,190,884,310
IMG_20220324_190625_BURST073.jpg,912,684,nasi putih,1,411,219,596
IMG_20220324_190625_BURST073.jpg,912,684,nasi putih,534,76,637,154
IMG_20220324_190625_BURST073.jpg,912,684,nasi putih,734,188,884,307
IMG_20220324_190625_BURST074.jpg,912,684,nasi putih,17,412,215,598
IMG_20220324_190625_BURST074.jpg,912,684,nasi putih,532,85,630,163
IMG_20220324_190625_BURST074.jpg,912,684,nasi putih,738,190,878,304
IMG_20220324_190625_BURST075.jpg,912,684,nasi putih,16,410,214,595
IMG_20220324_190625_BURST075.jpg,912,684,nasi putih,526,90,628,165
IMG_20220324_190625_BURST075.jpg,912,684,nasi putih,729,193,867,304
IMG_20220324_190625_BURST076.jpg,912,684,nasi putih,15,400,220,584
IMG_20220324_190625_BURST076.jpg,912,684,nasi putih,523,89,625,164
IMG_20220324_190625_BURST076.jpg,912,684,nasi putih,724,188,865,305
IMG_20220324_190625_BURST077.jpg,912,684,nasi putih,12,398,219,581
IMG_20220324_190625_BURST077.jpg,912,684,nasi putih,521,89,622,164
IMG_20220324_190625_BURST077.jpg,912,684,nasi putih,723,194,860,302
IMG_20220324_190625_BURST078.jpg,912,684,nasi putih,11,394,215,572
IMG_20220324_190625_BURST078.jpg,912,684,nasi putih,515,90,623,167
IMG_20220324_190625_BURST078.jpg,912,684,nasi putih,717,192,861,300
IMG_20220324_190625_BURST079.jpg,912,684,nasi putih,13,391,218,566
IMG_20220324_190625_BURST079.jpg,912,684,nasi putih,516,93,618,167
IMG_20220324_190625_BURST079.jpg,912,684,nasi putih,711,191,854,300
IMG_20220324_190625_BURST080.jpg,912,684,nasi putih,21,383,215,558
IMG_20220324_190625_BURST080.jpg,912,684,nasi putih,520,92,615,169
IMG_20220324_190625_BURST080.jpg,912,684,nasi putih,716,189,849,300
IMG_20220324_190625_BURST081.jpg,912,684,nasi putih,19,384,218,554
IMG_20220324_190625_BURST081.jpg,912,684,nasi putih,511,94,609,170
IMG_20220324_190625_BURST081.jpg,912,684,nasi putih,708,186,850,298
IMG_20220324_190625_BURST082.jpg,912,684,nasi putih,25,379,220,548
IMG_20220324_190625_BURST082.jpg,912,684,nasi putih,512,95,613,168
IMG_20220324_190625_BURST082.jpg,912,684,nasi putih,706,186,847,293
IMG_20220324_190625_BURST083.jpg,912,684,nasi putih,28,374,220,546
IMG_20220324_190625_BURST083.jpg,912,684,nasi putih,511,95,612,166
IMG_20220324_190625_BURST083.jpg,912,684,nasi putih,703,185,842,290
IMG_20220324_190625_BURST084.jpg,912,684,nasi putih,32,368,223,539
IMG_20220324_190625_BURST084.jpg,912,684,nasi putih,512,95,616,164
IMG_20220324_190625_BURST084.jpg,912,684,nasi putih,705,184,846,287
IMG_20220324_190625_BURST085.jpg,912,684,nasi putih,35,362,223,529
IMG_20220324_190625_BURST085.jpg,912,684,nasi putih,512,92,615,164
IMG_20220324_190625_BURST085.jpg,912,684,nasi putih,703,178,845,282
IMG_20220324_190625_BURST086.jpg,912,684,nasi putih,36,357,224,532
IMG_20220324_190625_BURST086.jpg,912,684,nasi putih,514,92,611,164
IMG_20220324_190625_BURST086.jpg,912,684,nasi putih,711,179,839,283
IMG_20220324_190625_BURST087.jpg,912,684,nasi putih,37,356,228,524
IMG_20220324_190625_BURST087.jpg,912,684,nasi putih,511,90,607,161
IMG_20220324_190625_BURST087.jpg,912,684,nasi putih,707,178,837,281
IMG_20220324_190625_BURST088.jpg,912,684,nasi putih,36,354,222,524
IMG_20220324_190625_BURST088.jpg,912,684,nasi putih,508,90,609,165
IMG_20220324_190625_BURST088.jpg,912,684,nasi putih,703,176,832,275
IMG_20220324_190625_BURST089.jpg,912,684,nasi putih,40,350,226,515
IMG_20220324_190625_BURST089.jpg,912,684,nasi putih,512,90,606,164
IMG_20220324_190625_BURST089.jpg,912,684,nasi putih,708,174,831,276
IMG_20220324_190625_BURST090.jpg,912,684,nasi putih,27,350,229,510
IMG_20220324_190625_BURST090.jpg,912,684,nasi putih,510,88,603,166
IMG_20220324_190625_BURST090.jpg,912,684,nasi putih,706,173,826,273
IMG_20220324_190625_BURST091.jpg,912,684,nasi putih,32,342,223,510
IMG_20220324_190625_BURST091.jpg,912,684,nasi putih,506,95,604,158
IMG_20220324_190625_BURST091.jpg,912,684,nasi putih,703,173,820,270
IMG_20220324_190625_BURST092.jpg,912,684,nasi putih,36,340,221,509
IMG_20220324_190625_BURST092.jpg,912,684,nasi putih,505,85,599,165
IMG_20220324_190625_BURST092.jpg,912,684,nasi putih,695,173,821,273
IMG_20220324_190625_BURST093.jpg,912,684,nasi putih,32,344,223,505
IMG_20220324_190625_BURST093.jpg,912,684,nasi putih,505,94,601,161
IMG_20220324_190625_BURST093.jpg,912,684,nasi putih,696,171,823,273
IMG_20220324_190625_BURST094.jpg,912,684,nasi putih,30,339,225,505
IMG_20220324_190625_BURST094.jpg,912,684,nasi putih,506,93,603,164
IMG_20220324_190625_BURST094.jpg,912,684,nasi putih,689,171,816,270
IMG_20220324_192021_BURST032.jpg,684,912,ayam bakar,136,306,621,855
IMG_20220324_192021_BURST033.jpg,684,912,ayam bakar,151,307,617,823
IMG_20220324_192021_BURST034.jpg,684,912,ayam bakar,149,313,606,835
IMG_20220324_192021_BURST035.jpg,684,912,ayam bakar,148,321,610,835
IMG_20220324_192021_BURST036.jpg,684,912,ayam bakar,170,335,620,849
IMG_20220324_192021_BURST037.jpg,684,912,ayam bakar,175,333,633,839
IMG_20220324_192021_BURST038.jpg,684,912,ayam bakar,175,326,633,826
IMG_20220324_192021_BURST039.jpg,684,912,ayam bakar,175,315,641,813
IMG_20220324_192021_BURST040.jpg,684,912,ayam bakar,179,310,640,837
IMG_20220324_192021_BURST041.jpg,684,912,ayam bakar,174,314,644,826
IMG_20220324_192021_BURST042.jpg,684,912,ayam bakar,177,313,649,826
IMG_20220324_192021_BURST043.jpg,684,912,ayam bakar,186,312,645,807
IMG_20220324_192021_BURST044.jpg,684,912,ayam bakar,187,310,652,811
IMG_20220324_192021_BURST045.jpg,684,912,ayam bakar,188,316,650,806
IMG_20220324_192021_BURST046.jpg,684,912,ayam bakar,192,326,647,818
IMG_20220324_192021_BURST047.jpg,684,912,ayam bakar,188,326,639,826
IMG_20220324_192021_BURST050.jpg,684,912,ayam bakar,176,361,597,800
IMG_20220324_192021_BURST051.jpg,684,912,ayam bakar,183,355,589,793
IMG_20220324_192021_BURST061.jpg,684,912,ayam bakar,93,340,501,789
IMG_20220324_192021_BURST062.jpg,684,912,ayam bakar,101,339,498,791
IMG_20220324_192021_BURST070.jpg,684,912,ayam bakar,246,338,684,879
IMG_20220324_192021_BURST073.jpg,684,912,ayam bakar,231,377,684,906
IMG_20220324_192021_BURST074.jpg,684,912,ayam bakar,195,365,684,904
IMG_20220324_192021_BURST095.jpg,684,912,ayam bakar,193,269,684,718
IMG_20220331_134917_1.jpg,684,912,ayam bakar,34,269,319,791
IMG_20220331_134918.jpg,684,912,ayam bakar,43,282,306,793
IMG_20220331_134918_1.jpg,684,912,ayam bakar,61,262,302,817
IMG_20220331_134919.jpg,684,912,ayam bakar,83,264,285,794
IMG_20220331_134919_1.jpg,684,912,ayam bakar,80,265,322,815
IMG_20220331_134920.jpg,684,912,ayam bakar,65,257,315,826
IMG_20220331_134920_1.jpg,684,912,ayam bakar,75,269,331,849
IMG_20220331_134921.jpg,684,912,ayam bakar,54,251,312,839
IMG_20220331_134921_1.jpg,684,912,ayam bakar,43,266,311,827
IMG_20220331_134921_2.jpg,684,912,ayam bakar,58,277,320,861
IMG_20220331_134922.jpg,684,912,ayam bakar,34,286,317,862
IMG_20220331_134922_1.jpg,684,912,ayam bakar,50,266,315,863
IMG_20220331_134923.jpg,684,912,ayam bakar,75,278,336,893
IMG_20220331_134923_1.jpg,684,912,ayam bakar,48,246,356,880
IMG_20220331_134923_2.jpg,684,912,ayam bakar,47,213,369,890
IMG_20220331_134924.jpg,684,912,ayam bakar,60,206,392,901
IMG_20220331_134924_1.jpg,684,912,ayam bakar,94,130,408,896
IMG_20220331_134924_2.jpg,684,912,ayam bakar,88,121,409,887
IMG_20220331_134925.jpg,684,912,ayam bakar,41,105,385,883
IMG_20220331_134925_1.jpg,684,912,ayam bakar,50,116,411,886
IMG_20220331_134925_2.jpg,684,912,ayam bakar,59,86,415,872
IMG_20220331_134925_3.jpg,684,912,ayam bakar,62,93,443,866
IMG_20220331_134925_4.jpg,684,912,ayam bakar,74,102,424,861
IMG_20220331_134926.jpg,684,912,ayam bakar,75,106,415,852
IMG_20220331_134926_1.jpg,684,912,ayam bakar,59,98,413,838
IMG_20220331_134926_2.jpg,684,912,ayam bakar,52,87,414,818
IMG_20220331_134926_3.jpg,684,912,ayam bakar,58,91,407,819
IMG_20220331_134926_4.jpg,684,912,ayam bakar,59,99,391,824
IMG_20220331_134927.jpg,684,912,ayam bakar,37,105,387,806
IMG_20220331_134927_1.jpg,684,912,ayam bakar,57,115,388,807
IMG_20220331_134927_2.jpg,684,912,ayam bakar,57,123,382,794
IMG_20220331_134927_3.jpg,684,912,ayam bakar,55,125,372,762
IMG_20220331_134927_4.jpg,684,912,ayam bakar,39,128,371,760
IMG_20220331_134927_5.jpg,684,912,ayam bakar,41,132,365,768
IMG_20220331_134928.jpg,684,912,ayam bakar,47,145,364,765
IMG_20220331_134928_1.jpg,684,912,ayam bakar,51,148,355,771
IMG_20220331_134928_2.jpg,684,912,ayam bakar,61,170,355,764
IMG_20220331_134928_3.jpg,684,912,ayam bakar,61,170,365,776
IMG_20220331_134928_4.jpg,684,912,ayam bakar,57,189,365,768
IMG_20220331_134928_5.jpg,684,912,ayam bakar,58,189,349,786
IMG_20220331_134928_6.jpg,684,912,ayam bakar,45,208,347,777
IMG_20220331_134929.jpg,684,912,ayam bakar,55,218,338,787
IMG_20220331_134929_1.jpg,684,912,ayam bakar,43,235,318,777
IMG_20220331_134929_2.jpg,684,912,ayam bakar,48,243,288,794
IMG_20220331_134929_3.jpg,684,912,ayam bakar,48,262,290,798
IMG_20220331_134929_4.jpg,684,912,ayam bakar,56,269,285,808
IMG_20220331_134929_5.jpg,684,912,ayam bakar,55,288,288,796
IMG_20220331_134930.jpg,684,912,ayam bakar,55,288,294,806
IMG_20220331_134930_1.jpg,684,912,ayam bakar,63,291,295,810
IMG_20220331_134930_2.jpg,684,912,ayam bakar,67,306,303,796
IMG_20220331_134930_3.jpg,684,912,ayam bakar,68,307,308,802
IMG_20220331_134930_4.jpg,684,912,ayam bakar,76,315,308,812
IMG_20220331_134930_5.jpg,684,912,ayam bakar,51,307,306,814
IMG_20220331_134931.jpg,684,912,ayam bakar,50,320,286,808
IMG_20220331_134931_1.jpg,684,912,ayam bakar,42,322,286,807
IMG_20220331_134931_2.jpg,684,912,ayam bakar,44,326,283,801
IMG_20220331_134931_3.jpg,684,912,ayam bakar,67,307,283,801
IMG_20220331_134931_4.jpg,684,912,ayam bakar,64,288,295,742
IMG_20220331_134932.jpg,684,912,ayam bakar,56,298,308,742
IMG_20220331_134932_1.jpg,684,912,ayam bakar,62,300,316,732
IMG_20220331_134932_2.jpg,684,912,ayam bakar,44,299,319,734
IMG_20220331_134932_3.jpg,684,912,ayam bakar,50,297,314,741
IMG_20220331_135202.jpg,684,912,ayam goreng,333,297,621,667
IMG_20220331_135202.jpg,684,912,nasi putih,63,383,461,774
IMG_20220331_135202_1.jpg,684,912,ayam goreng,324,251,650,647
IMG_20220331_135202_1.jpg,684,912,nasi putih,64,384,504,742
IMG_20220331_135203.jpg,684,912,ayam goreng,283,276,656,660
IMG_20220331_135203.jpg,684,912,nasi putih,75,371,501,755
IMG_20220331_135203_1.jpg,684,912,ayam goreng,266,184,676,582
IMG_20220331_135203_1.jpg,684,912,nasi putih,75,302,552,741
IMG_20220331_135203_2.jpg,684,912,ayam goreng,261,235,680,644
IMG_20220331_135203_2.jpg,684,912,nasi putih,127,389,553,827
IMG_20220331_135204.jpg,684,912,ayam goreng,239,247,668,648
IMG_20220331_135204.jpg,684,912,nasi putih,154,426,578,846
IMG_20220331_135204_1.jpg,684,912,ayam goreng,237,253,660,675
IMG_20220331_135204_1.jpg,684,912,nasi putih,190,455,569,856
IMG_20220331_135205.jpg,684,912,ayam goreng,271,261,657,658
IMG_20220331_135205.jpg,684,912,nasi putih,202,454,576,838
IMG_20220331_135205_1.jpg,684,912,ayam goreng,270,261,661,649
IMG_20220331_135205_1.jpg,684,912,nasi putih,220,477,564,834
IMG_20220331_135205_2.jpg,684,912,ayam goreng,298,229,666,635
IMG_20220331_135205_2.jpg,684,912,nasi putih,262,462,573,795
IMG_20220331_135206.jpg,684,912,ayam goreng,290,232,653,650
IMG_20220331_135206.jpg,684,912,nasi putih,239,485,558,797
IMG_20220331_135206_1.jpg,684,912,ayam goreng,286,299,646,697
IMG_20220331_135206_1.jpg,684,912,nasi putih,218,519,535,840
IMG_20220331_135207.jpg,684,912,ayam goreng,333,325,653,786
IMG_20220331_135207.jpg,684,912,nasi putih,240,559,533,887
IMG_20220331_135207_1.jpg,684,912,ayam goreng,297,314,645,789
IMG_20220331_135207_1.jpg,684,912,nasi putih,184,544,520,886
IMG_20220331_135208.jpg,684,912,ayam goreng,287,315,632,851
IMG_20220331_135208.jpg,684,912,nasi putih,156,560,486,912
IMG_20220331_135208_1.jpg,684,912,ayam goreng,259,277,640,846
IMG_20220331_135208_1.jpg,684,912,nasi putih,74,526,439,876
IMG_20220331_135208_2.jpg,684,912,ayam goreng,253,229,609,819
IMG_20220331_135208_2.jpg,684,912,nasi putih,75,480,437,854
IMG_20220331_135209.jpg,684,912,ayam goreng,204,194,605,794
IMG_20220331_135209.jpg,684,912,nasi putih,36,437,385,815
IMG_20220331_135209_1.jpg,684,912,ayam goreng,204,194,546,729
IMG_20220331_135209_1.jpg,684,912,nasi putih,11,395,367,799
IMG_20220331_135210.jpg,684,912,ayam goreng,191,166,570,738
IMG_20220331_135210.jpg,684,912,nasi putih,1,409,363,804
IMG_20220331_135210_1.jpg,684,912,ayam goreng,134,192,564,829
IMG_20220331_135210_1.jpg,684,912,nasi putih,1,480,342,873
IMG_20220331_135211.jpg,684,912,ayam goreng,165,227,580,839
IMG_20220331_135211.jpg,684,912,nasi putih,1,485,340,899
IMG_20220331_135213.jpg,684,912,ayam goreng,217,187,627,794
IMG_20220331_135213.jpg,684,912,nasi putih,36,470,466,912
IMG_20220331_135214.jpg,684,912,ayam goreng,186,211,661,782
IMG_20220331_135214.jpg,684,912,nasi putih,28,513,588,912
IMG_20220331_135215.jpg,684,912,ayam goreng,164,199,675,781
IMG_20220331_135215.jpg,684,912,nasi putih,58,513,583,912
IMG_20220331_135215_1.jpg,684,912,ayam goreng,195,190,671,766
IMG_20220331_135215_1.jpg,684,912,nasi putih,72,493,627,912
IMG_20220331_135216.jpg,684,912,ayam goreng,207,181,675,744
IMG_20220331_135216.jpg,684,912,nasi putih,62,452,612,912
IMG_20220331_135217.jpg,684,912,ayam goreng,232,148,663,730
IMG_20220331_135217.jpg,684,912,nasi putih,1,376,493,883
IMG_20220331_135217_1.jpg,684,912,ayam goreng,326,133,684,708
IMG_20220331_135217_1.jpg,684,912,nasi putih,72,333,545,806
IMG_20220331_135218.jpg,684,912,ayam goreng,331,180,646,702
IMG_20220331_135218.jpg,684,912,nasi putih,115,340,468,730
IMG_20220331_135218_1.jpg,684,912,ayam goreng,332,187,617,695
IMG_20220331_135218_1.jpg,684,912,nasi putih,112,368,459,715
IMG_20220331_135219.jpg,684,912,ayam goreng,303,238,617,703
IMG_20220331_135219.jpg,684,912,nasi putih,119,402,437,728
IMG_20220331_135219_1.jpg,684,912,ayam goreng,273,262,560,713
IMG_20220331_135219_1.jpg,684,912,nasi putih,84,425,379,774
IMG_20220331_135221.jpg,684,912,ayam goreng,272,255,568,716
IMG_20220331_135221.jpg,684,912,nasi putih,68,414,412,790
IMG_20220331_135221_1.jpg,684,912,ayam goreng,275,255,579,739
IMG_20220331_135221_1.jpg,684,912,nasi putih,60,426,412,777
IMG_20220331_135221_2.jpg,684,912,ayam goreng,247,237,583,730
IMG_20220331_135221_2.jpg,684,912,nasi putih,46,406,414,770
IMG_20220331_135222.jpg,684,912,ayam goreng,264,241,549,744
IMG_20220331_135222.jpg,684,912,nasi putih,57,409,379,779
IMG_20220331_135222_1.jpg,684,912,ayam goreng,221,219,562,741
IMG_20220331_135222_1.jpg,684,912,nasi putih,24,423,371,788
IMG_20220331_135223.jpg,684,912,ayam goreng,276,194,572,736
IMG_20220331_135223.jpg,684,912,nasi putih,24,348,371,752
IMG_20220331_135223_1.jpg,684,912,ayam goreng,300,167,598,742
IMG_20220331_135223_1.jpg,684,912,nasi putih,54,339,411,754
IMG_20220331_135223_2.jpg,684,912,ayam goreng,300,167,590,695
IMG_20220331_135223_2.jpg,684,912,nasi putih,31,321,374,705
IMG_20220331_135224.jpg,684,912,ayam goreng,265,150,603,704
IMG_20220331_135224.jpg,684,912,nasi putih,34,317,359,683
IMG_20220331_135224_1.jpg,684,912,ayam goreng,265,149,564,650
IMG_20220331_135224_1.jpg,684,912,nasi putih,50,285,385,689
IMG_20220331_135225.jpg,684,912,ayam goreng,272,138,574,647
IMG_20220331_135225.jpg,684,912,nasi putih,46,286,371,663
IMG_20220331_135225_1.jpg,684,912,ayam goreng,288,139,578,656
IMG_20220331_135225_1.jpg,684,912,nasi putih,40,276,375,665
IMG_8900.jpg,756,756,martabak telor,124,260,330,574
IMG_8900.jpg,756,756,martabak telor,217,216,494,497
IMG_8900.jpg,756,756,martabak telor,478,57,685,199
IMG_8900.jpg,756,756,martabak telor,299,43,489,167
IMG_8900.jpg,756,756,martabak telor,441,230,662,440
IMG_8900.jpg,756,756,martabak telor,405,426,625,652
IMG_8901.jpg,756,756,martabak telor,480,154,637,279
IMG_8901.jpg,756,756,martabak telor,457,268,673,368
IMG_8901.jpg,756,756,martabak telor,480,360,687,518
IMG_8901.jpg,756,756,martabak telor,298,289,462,526
IMG_8901.jpg,756,756,martabak telor,350,103,489,277
IMG_8901.jpg,756,756,martabak telor,186,80,342,242
IMG_8901.jpg,756,756,martabak telor,27,45,180,212
IMG_8901.jpg,756,756,martabak telor,1,219,244,451
IMG_8902.jpg,756,756,martabak telor,35,231,231,288
IMG_8902.jpg,756,756,martabak telor,75,288,227,390
IMG_8902.jpg,756,756,martabak telor,228,190,365,425
IMG_8902.jpg,756,756,martabak telor,363,210,509,409
IMG_8902.jpg,756,756,martabak telor,489,205,640,406
IMG_8902.jpg,756,756,martabak telor,541,423,714,643
IMG_8902.jpg,756,756,martabak telor,387,407,543,637
IMG_8902.jpg,756,756,martabak telor,258,398,399,626
IMG_8902.jpg,756,756,martabak telor,121,384,266,612
IMG_8903.jpg,756,1008,martabak telor,44,328,184,471
IMG_8903.jpg,756,1008,martabak telor,164,309,275,431
IMG_8903.jpg,756,1008,martabak telor,260,278,364,429
IMG_8903.jpg,756,1008,martabak telor,354,263,477,407
IMG_8903.jpg,756,1008,martabak telor,471,211,653,449
IMG_8903.jpg,756,1008,martabak telor,227,650,465,815
IMG_8903.jpg,756,1008,martabak telor,45,443,219,684
IMG_8903.jpg,756,1008,martabak telor,213,410,359,647
IMG_8903.jpg,756,1008,martabak telor,337,401,501,619
IMG_8904.jpg,756,1008,martabak telor,45,308,184,439
IMG_8904.jpg,756,1008,martabak telor,169,274,281,419
IMG_8904.jpg,756,1008,martabak telor,269,261,362,404
IMG_8904.jpg,756,1008,martabak telor,361,255,593,399
IMG_8904.jpg,756,1008,martabak telor,50,450,234,670
IMG_8904.jpg,756,1008,martabak telor,193,415,357,628
IMG_8904.jpg,756,1008,martabak telor,332,387,494,604
IMG_8904.jpg,756,1008,martabak telor,474,383,632,582
IMG_8904.jpg,756,1008,martabak telor,233,627,479,796
IMG_8905.jpg,756,1008,martabak telor,173,292,431,537
IMG_8905.jpg,756,1008,martabak telor,217,856,383,988
IMG_8906.jpg,756,1008,martabak telor,293,327,531,594
IMG_8907.jpg,756,1008,martabak telor,234,359,571,713
IMG_8908.jpg,756,1008,martabak telor,1,235,193,451
IMG_8908.jpg,756,1008,martabak telor,131,191,330,422
IMG_8908.jpg,756,1008,martabak telor,299,162,457,422
IMG_8908.jpg,756,1008,martabak telor,385,130,687,367
IMG_8908.jpg,756,1008,martabak telor,21,464,245,738
IMG_8908.jpg,756,1008,martabak telor,224,400,493,669
IMG_8908.jpg,756,1008,martabak telor,527,381,722,639
IMG_8909.jpg,756,1008,martabak telor,14,218,238,471
IMG_8909.jpg,756,1008,martabak telor,211,176,393,440
IMG_8909.jpg,756,1008,martabak telor,371,154,560,419
IMG_8909.jpg,756,1008,martabak telor,533,131,756,385
IMG_8909.jpg,756,1008,martabak telor,65,471,333,779
IMG_8909.jpg,756,1008,martabak telor,319,411,561,733
IMG_8909.jpg,756,1008,martabak telor,594,401,756,648
IMG_8910.jpg,756,1008,martabak telor,31,253,199,475
IMG_8910.jpg,756,1008,martabak telor,165,221,323,446
IMG_8910.jpg,756,1008,martabak telor,291,206,479,474
IMG_8910.jpg,756,1008,martabak telor,450,218,672,457
IMG_8910.jpg,756,1008,martabak telor,10,462,193,756
IMG_8910.jpg,756,1008,martabak telor,162,354,400,721
IMG_8910.jpg,756,1008,martabak telor,382,449,585,806
IMG_8910.jpg,756,1008,martabak telor,542,456,728,732
IMG_8911.jpg,756,1008,martabak telor,141,320,508,668
IMG_8911.jpg,756,1008,martabak telor,282,713,412,901
IMG_8911.jpg,756,1008,martabak telor,396,724,518,904
IMG_8911.jpg,756,1008,martabak telor,475,747,592,929
IMG_8911.jpg,756,1008,martabak telor,570,767,744,933
IMG_8911.jpg,756,1008,martabak telor,314,895,452,1008
IMG_8911.jpg,756,1008,martabak telor,428,906,579,1008
IMG_8912.jpg,756,1008,martabak telor,152,313,619,747
IMG_8913.jpg,756,1008,martabak telor,118,254,585,711
